<?xml version="1.0" encoding="UTF-8"?>
<project-private xmlns="http://www.netbeans.org/ns/project-private/1">
    <editor-bookmarks xmlns="http://www.netbeans.org/ns/editor-bookmarks/2" lastBookmarkId="0"/>
    <open-files xmlns="http://www.netbeans.org/ns/projectui-open-files/2">
        <group>
            <file>file:/C:/Users/Lenovo/Documents/NetBeansProjects/StockManagement/src/StockManage.java</file>
            <file>file:/C:/Users/Lenovo/Documents/NetBeansProjects/StockManagement/src/Selling.java</file>
            <file>file:/C:/Users/Lenovo/Documents/NetBeansProjects/StockManagement/src/HomePage.java</file>
            <file>file:/C:/Users/Lenovo/Documents/NetBeansProjects/StockManagement/src/PurchaseDetail.java</file>
            <file>file:/C:/Users/Lenovo/Documents/NetBeansProjects/StockManagement/src/DatabaseConnection.java</file>
            <file>file:/C:/Users/Lenovo/Documents/NetBeansProjects/StockManagement/src/About.java</file>
        </group>
    </open-files>
</project-private>
