<?xml version="1.0" encoding="UTF-8"?>
<project-private xmlns="http://www.netbeans.org/ns/project-private/1">
    <editor-bookmarks xmlns="http://www.netbeans.org/ns/editor-bookmarks/2" lastBookmarkId="0"/>
    <open-files xmlns="http://www.netbeans.org/ns/projectui-open-files/2">
        <group name="online">
            <file>file:/C:/Users/Lenovo/Documents/NetBeansProjects/EventTicketRgistration/src/com/TicketbaesdApps/EventRegister.java</file>
            <file>file:/C:/Users/Lenovo/Documents/NetBeansProjects/EventTicketRgistration/src/com/TicketbaesdApps/Registration.java</file>
            <file>file:/C:/Users/Lenovo/Documents/NetBeansProjects/EventTicketRgistration/src/com/TicketbaesdApps/DataBaseConnection.java</file>
            <file>file:/C:/Users/Lenovo/Documents/NetBeansProjects/EventTicketRgistration/src/com/TicketbaesdApps/ForgetPass.java</file>
            <file>file:/C:/Users/Lenovo/Documents/NetBeansProjects/EventTicketRgistration/src/com/TicketbaesdApps/EventRegisterPage.java</file>
            <file>file:/C:/Users/Lenovo/Documents/NetBeansProjects/EventTicketRgistration/src/com/TicketbaesdApps/Login.java</file>
        </group>
    </open-files>
</project-private>
